filename,sha256,size_bytes,width,height,mode,bit_depth,png_color_type,ink_pixels_lt220
pb_12_基础_选择_01_question.png,ccd313675d8833f53f4ac01b678ac9dff35a30bbf987127ff1020f313a2ad281,110517,1536,147,RGB,8,2,19092
pb_12_基础_选择_01_solution.png,68a0003c9722b07ad2fd4e4dce7e38670d911d1b023336371630da160e276d52,384465,1536,230,RGB,8,2,38028
pb_12_基础_选择_02_question.png,e39e392a00cfcaf473615bae49d2f53bdfad860b7c42116371955340c71b4186,160800,1536,235,RGB,8,2,28736
pb_12_基础_选择_02_solution.png,19481922bd7370b5800685834f9f70f643ac90858f5900b9688db9029d48b532,1864471,1536,1100,RGB,8,2,1026782
pb_12_基础_选择_03_question.png,ecf76b1cb4a55e8957ee3a9c8f5848f7c2d19019071b3094c40ff83464124c57,119175,1536,141,RGB,8,2,20386
pb_12_基础_选择_03_solution_1.png,50572c5b6c9a963ae896eb906ea495634ca88c8dbfb6271fab2de406033d8f46,189666,1536,170,RGB,8,2,14012
pb_12_基础_选择_03_solution_2.png,303b6ae20d498920bb3b43a60f755e4f680167a35dbf8975173a82288fe792d9,605531,1536,457,RGB,8,2,214260
pb_12_基础_选择_04_question.png,620610619578a619c9db45ffec4c826dd08791e17405a518d9f3416cb38edaaa,261699,1536,328,RGB,8,2,46022
pb_12_基础_选择_04_solution.png,f1d85456ab6a90167ff88adb261b42af41ea5228fb01e6b3bdb6b2cc44dc283e,143006,1536,123,RGB,8,2,20591
pb_12_基础_选择_05_question.png,3e1e3555db90d59cecb140e323ae6c253a8b8b9abd99e94d55e7dd364afb9ad0,114902,1536,139,RGB,8,2,18475
pb_12_基础_选择_05_solution.png,5c060c8f17b088c2466e3b5263be634aa13db09ebe9a28c66fb14b3982730b74,585910,1536,548,RGB,8,2,165928
pb_12_基础_选择_06_question.png,79834ef7b9e1ef71a5745653a95526fa41df1222edf2e6f0bbad711e2f4781f7,171280,1536,226,RGB,8,2,30562
pb_12_基础_选择_06_solution.png,6c991afb2f1efa62bd75aa6e1dcb6a7aad051af321e9fe181e3aeb2c7ed8f4bc,500019,1536,411,RGB,8,2,36762
pb_12_基础_填空_01_question.png,f8721ceb5fa719ec10aa1e2e99f08372a2d53d9f461456dad3873a625eba1323,45395,1536,50,RGB,8,2,7679
pb_12_基础_填空_01_solution.png,d4b457994000f509d7c30007dd2548beb6176b22f05d630b7b0e600cd54d87ba,208662,1536,222,RGB,8,2,21741
pb_12_基础_填空_02_question.png,bc40d49908a328a101b82e4dc595da27ed310ae4a5e559659142b424e71ebaa0,71455,1536,90,RGB,8,2,12480
pb_12_基础_填空_02_solution.png,1c2c0b7a715d0afefbb37b482c5c6ce376a7728655162915c69c2b87fdc6725a,345471,1536,257,RGB,8,2,17607
pb_12_基础_填空_03_question.png,dae521a6125b1e3200b9a5e021f6b45cd029575fe1b96c19ea3818fa09b4b88b,95852,1536,92,RGB,8,2,17154
pb_12_基础_填空_03_solution.png,40007d809f943d896f43011cdd6202342d146260b171d6155565a9ad9ab2543e,345705,1536,278,RGB,8,2,14766
pb_12_基础_解答_01_(1)_question.png,fa5794b355ebef6397b6370ff3100d4abf95fad660fab3bbc0cb20a2c74ae791,117519,1536,151,RGB,8,2,17195
pb_12_基础_解答_01_(1)_solution.png,da64a58ba084d23528b26cc6571e26d68376b5be0bd166f2c23c21b5bca058fa,732640,1536,619,RGB,8,2,31354
pb_12_基础_解答_01_(2)_question.png,f6bfaa3522360e5cfcad76d030a1fa97c95ebefd840e561121060d357deeecec,112726,1536,150,RGB,8,2,16319
pb_12_基础_解答_01_(2)_solution.png,9289e24c5be4b8236f557bda421892550de7363d7fb2a8581710d8d73fc5d76c,872770,1536,722,RGB,8,2,41316
pb_12_基础_解答_02_question.png,950c9a5c8fd9641b04c39527f61522fa512ce5b7ef322d6bcf313b3cde999614,107998,1536,96,RGB,8,2,18134
pb_12_基础_解答_02_solution_1.png,7b2dd8780817b9e07b1b648310603c56c9258245326d534c7ca335ac277d0307,652870,1536,542,RGB,8,2,32771
pb_12_基础_解答_02_solution_2.png,87a09a246116693d4c0b6d7c63dc1a4c2c238daa8f50b565ccdd2b874ed02846,257182,1536,151,RGB,8,2,156567
pb_12_基础_解答_03_question.png,945328d58cffd4fb099042e01d6f3e6ce4a034643a7c634fbd84ccad9d357574,118509,1536,100,RGB,8,2,19005
pb_12_基础_解答_03_solution.png,1012fe7efa0fadc54fe63512cccbf230b3a5262b1215d21fa643150a2eb75cda,541037,1536,776,RGB,8,2,115817
pb_12_基础_解答_04_question.png,be6d7f555559b2d2962b27713f37f3ef4c093fae7d4efbad656ca869255aba09,114790,1536,102,RGB,8,2,18292
pb_12_基础_解答_04_solution.png,b495d26c4f9adc0c58aad1237539dd549a72086498dcd9db38c4e5478cfae716,551797,1536,828,RGB,8,2,177224
pb_12_基础_解答_05_question.png,08a3064a23a2ebc2178221d593ecee840eeea896cc3848f0e0680e560f79c5ba,102343,1536,99,RGB,8,2,14741
pb_12_基础_解答_05_solution_1.png,236470de58c0f161307cbdcd4e1588038eff1bea9043c0e666a562d553022c1a,64563,1536,70,RGB,8,2,9818
pb_12_基础_解答_05_solution_2.png,b6b00e7f43d172ecea521488e8f4c76407cde0a2c4b30f46c8dd67a994e86ced,557658,1536,535,RGB,8,2,18027
pb_12_基础_解答_06_question.png,47a96e447e67a7d4d9a2e7c2594ff5e6809e12f10f6301e320c5403f0081279b,92775,1536,97,RGB,8,2,14321
pb_12_基础_解答_06_solution.png,f576a80480808671bee2b7746a9cf30c7b2e3749c90e87d8d7d2a37714c769d3,888889,1536,638,RGB,8,2,74800
pb_12_基础_解答_07_question.png,47e366f78f5bdf93202097756d5de5595c81fd45853e1740cfadf0e2f5165b38,89108,1536,97,RGB,8,2,14419
pb_12_基础_解答_07_solution.png,7a84ad6e72804f69f6cfafbfa67861e351795f534355e6dee4ae08bae22a8a33,863153,1536,571,RGB,8,2,159041
pb_12_基础_解答_08_question.png,67fa726ffe65889a12618b331a6248e3a828faa38d58ccc1ca6b3f7a1fd14fdb,111446,1536,103,RGB,8,2,17667
pb_12_基础_解答_08_solution_1.png,5cc3bb8b3ed388daba1d94de0660ff97b94d39f1baaa51c03015aa0766ba6764,151562,1536,91,RGB,8,2,17578
pb_12_基础_解答_08_solution_2.png,2567594ee86f1a9377320ce2612a7c41c252210b6afad7928f4615d7a80605bd,496675,1536,687,RGB,8,2,130972
pb_12_综合_选择_01_question.png,1010c37bdbb534c32a0cd1c1783298d484e2b29943366a57afc0fcb71601f37b,202662,1536,193,RGB,8,2,35618
pb_12_综合_选择_01_solution.png,deee91542854226970a2325ec40aa2e493e707fcba13fcbcfc74f594e6a26afd,212138,1536,256,RGB,8,2,32032
pb_12_综合_选择_02_question.png,49cdc2245804b27fe090e7dc664cefbc6785f2441d2999ef717ee5d75460179f,238896,1536,287,RGB,8,2,38946
pb_12_综合_选择_02_solution.png,b2a44ce98a876abd4784410c214b89a03a539c762e3decb65053d2da02f057f9,180301,1536,184,RGB,8,2,27729
pb_12_综合_选择_03_question.png,ddd4c3d79b1b0073944fc8e12f80ae487a0a425b85ae61e192870e511083602a,112223,1536,138,RGB,8,2,18666
pb_12_综合_选择_03_solution.png,0d5ec7e23a0998478597824d4d40225f6559a5f3d21117e981de74406102ee9d,261978,1536,259,RGB,8,2,41400
pb_12_综合_选择_04_question.png,427535c86ea46ed80d5b6223b4a0b3b395f0110de222853ef17c7f570e17c2cc,203421,1536,280,RGB,8,2,34956
pb_12_综合_选择_04_solution_1.png,f50a0fd1a747d8214dc4454821a3e96eec797bc43678a2d9c2cb6063b14f0616,352229,1536,297,RGB,8,2,49177
pb_12_综合_选择_04_solution_2.png,286c4c34eb8797d6b4e651272c42b9bb4090d5255c383985fba3354b07c3e50d,579122,1536,335,RGB,8,2,248820
pb_12_综合_选择_05_question.png,3127780fe0fa6472e291440099721b443b044909afd3f7b6364e2c5513c0ad70,95383,1536,156,RGB,8,2,15859
pb_12_综合_选择_05_solution.png,034c6c75340aafd124a7a64ebbafb8be25d2a18eb99266f70d478789d0942d2a,684464,1536,452,RGB,8,2,199883
pb_12_综合_选择_06_question.png,57cec2e0be93be188d259c9e76a5fb89206831ff60b9c6b7dff77a87dca434c1,120116,1536,142,RGB,8,2,21322
pb_12_综合_选择_06_solution.png,361cd611aff01c52d8e0e5a140ddac91f027ad4dcdd76557e58956f0369e163e,1099116,1536,894,RGB,8,2,74938
pb_12_综合_选择_07_question.png,78ae55a4367e996f1a2eb9768e4fa0d34ecbaca56758b655ca4c118c6cb8be29,206674,1536,239,RGB,8,2,37061
pb_12_综合_选择_07_solution_1.png,cc9d9d3d6aa7a8a350e4beabd3c74be4a17b5900deaf0c285a4d38ca4005f6c5,170223,1536,154,RGB,8,2,8544
pb_12_综合_选择_07_solution_2.png,a7ad0df14b0f153b37d89e0958b652e526a95a61d2874d5997b18b875fea6e42,481223,1536,597,RGB,8,2,60454
pb_12_综合_选择_08_question.png,f3692da9f9f6933e3176e66dbccd383fe4acbeba97066d3eae316031faf062f4,169021,1536,143,RGB,8,2,32421
pb_12_综合_选择_08_solution.png,65bd156b525d764776a81661f5de80e499e22f8edbfff196205b8a07d0e1fe3a,246809,1536,220,RGB,8,2,35662
pb_12_综合_填空_01_question.png,eb30dcd8bd372abb6b66419d88d90f0c67a5f77e9a54f58479928ccadaca569d,80561,1536,99,RGB,8,2,13239
pb_12_综合_填空_01_solution.png,3efb3e4e3e8fa1c7cccb50233963b7d84bc713affeb0351bee04ca07ab402f5e,128332,1536,270,RGB,8,2,16286
pb_12_综合_填空_02_question.png,eaa2c9225a24fc79a80b276866b9455bbcb96241ec102f67b124420e450d16ef,97389,1536,97,RGB,8,2,17310
pb_12_综合_填空_02_solution.png,6437d761f0de52af0abb6909e209c4a0b35ecb5966997ad0305f59e5b43b066f,244398,1536,526,RGB,8,2,27004
pb_12_综合_填空_03_question.png,e20daa8fd5d26dd72601c6bcbdbbe07deb46c605a01494b33fafc82f5f92519b,92957,1536,98,RGB,8,2,16912
pb_12_综合_填空_03_solution_1.png,80106c0db076ab908e11cb2568ec95c7e9793747536ba9ded42cda1a55d60fa5,96069,1536,164,RGB,8,2,13739
pb_12_综合_填空_03_solution_2.png,74a101ee7f666ca9c425cb694b5f38efe4e65ee17f021a5d4ba5711c03fe9bcc,203500,1536,237,RGB,8,2,15171
pb_12_综合_解答_01_(1)_question.png,71060aec0c48981554e6914d54b8de9ed243c80b29f5f93844ad5d57389e6411,90636,1536,170,RGB,8,2,14940
pb_12_综合_解答_01_(1)_solution.png,6b50e1def51e75bef655eb6d308a8bbc4989a3b98578cf30a798d4e72bf1a457,189691,1536,189,RGB,8,2,16886
pb_12_综合_解答_01_(2)_question.png,8f5b26af60256a36447b4f2a41f04916d6cb011a75e58df1e7d8bbe66a8c3ce1,66496,1536,140,RGB,8,2,9977
pb_12_综合_解答_01_(2)_solution.png,6126a1ce52bcd1dab8a243d12f945a690d840eb038115a1677900b1c9468a97e,588076,1536,709,RGB,8,2,46082
pb_12_综合_解答_02_question.png,cdd9447d7b6c8d4715c9c7fe9855363b28f4dd3e12ec4f5486dedb17e659be3f,102247,1536,96,RGB,8,2,18537
pb_12_综合_解答_02_solution.png,060e7c41d1809dee7dc930de766fc9f17c3b124dfd6b64fde1b3692b4673a9e0,764930,1536,610,RGB,8,2,268946
pb_12_综合_解答_03_question.png,911b87411d3765e80f46a488f4536c1a3c87b5b124c6ed47f862a540a09764fb,75972,1536,96,RGB,8,2,13696
pb_12_综合_解答_03_solution_1.png,437773d9879a4196a55d4a2cd73ae751f05e984199be52a6cc36f01c95161401,237917,1536,242,RGB,8,2,26641
pb_12_综合_解答_03_solution_2.png,c9e5f598e802a4707337b41d6c9c980889dcb99e6a5e5bef10dc7d4a9a50e5fe,160061,1536,255,RGB,8,2,23675
pb_12_综合_解答_04_(1)_question.png,16c652bc27b7fffe77a4c92e0730382b8d1d383566f210fbe67d571488382eef,101358,1536,140,RGB,8,2,17475
pb_12_综合_解答_04_(1)_solution.png,91e2eb474270cdedea291583a560fc6ac33344d9346bdb7e8d97e71431170c40,116596,1536,192,RGB,8,2,17235
pb_12_综合_解答_04_(2)_question.png,d1a3bf8ce9625d5f1bad8d613157482a17f30c7d27f4d73ddb217596418d1c0b,107951,1536,142,RGB,8,2,18995
pb_12_综合_解答_04_(2)_solution.png,09baa18f45666ca2c887dd32445a59b881c1261a421c7bad3bb8cfd2b4538493,364964,1536,710,RGB,8,2,54482
pb_12_综合_解答_05_(1)_question.png,e1c99179a02d1388e9e686b8ab72fdcd323b1e1a550afac4f52ffc024b7034f3,94248,1536,236,RGB,8,2,15580
pb_12_综合_解答_05_(1)_solution.png,d44fd5e9248a4729286e4f34534fa426979abd7bdbec89c45117a1acc0f7ea65,128036,1536,261,RGB,8,2,16604
pb_12_综合_解答_05_(2)_question.png,b631a746c5abdf44e0d962b408ad3cb7cadfd3259f50aece2255605dde34bc24,86558,1536,200,RGB,8,2,14371
pb_12_综合_解答_05_(2)_solution_1.png,5b1e0872b696af71e6d1a1cb980b049bc511ee35725fe4337e1614fc710f8109,466983,1536,870,RGB,8,2,42356
pb_12_综合_解答_05_(2)_solution_2.png,5286bcad23a61662edd633b142f33b333694d831ba84f3ab597bec9ba2309146,106879,1536,122,RGB,8,2,6772
pb_12_综合_解答_06_(1)_question.png,dc176c7854d82f32dc40fcf483baabb952aaf5393e6b58bbb1e98357cdbcc162,96718,1536,197,RGB,8,2,14469
pb_12_综合_解答_06_(1)_solution.png,0a35367fe51c1b463d4b67561c8feecf5439afd71977edce32d0ea0b1cfc4d1c,336260,1536,422,RGB,8,2,17898
pb_12_综合_解答_06_(2)_question.png,9f77dc7c920b2c7497f0a539777e1052e65838288a7eddfd1e4f7dddbc0afc10,140886,1536,201,RGB,8,2,23341
pb_12_综合_解答_06_(2)_solution.png,c72c3c30082337b20ae8c9fcb069983619fef5ce8faffec4e7ba5e1254613709,756009,1536,978,RGB,8,2,40558
pb_12_综合_解答_06_(3)_question.png,426fe320df8fdda7cd8ce95e91a376cd5ef75807d9a63a00ec14c4c231de5d70,127643,1536,197,RGB,8,2,20916
pb_12_综合_解答_06_(3)_solution_1.png,57480716a62bbc7a0f1e8050af48fc17f464d54d907e6706ffa7c76da77a3619,1277313,1536,1713,RGB,8,2,67339
pb_12_综合_解答_06_(3)_solution_2.png,d54912f6cc8073349fe7a8d7a07386e85e85246020ce14e191f3affd633b6b00,175928,1536,877,RGB,8,2,25124
pb_12_综合_解答_07_(1)_question.png,b67695430e5018b34fc27c17f8e95e491d0884e95d8237ba1860a21a0aac8027,154305,1536,145,RGB,8,2,27236
pb_12_综合_解答_07_(1)_solution.png,c40b4d83cf351f51ea0b789b55eb1d97a9eeffb92fe54f608239233c1c57c8df,128794,1536,433,RGB,8,2,18384
pb_12_综合_解答_07_(2)_question.png,9be0804fb09aae815be1a06d9a357ecb9b1875180249fbda7a6cb3d14e18fe4f,156747,1536,150,RGB,8,2,26457
pb_12_综合_解答_07_(2)_solution.png,5866ebab0c5908ea39a048502f23a8a10748fbebf596baebf03ee232ec4b8ac4,514948,1536,793,RGB,8,2,213100
pb_12_拓展_解答_01_(1)_question.png,a29c7b267c7240d77661002ca82968162c96097becdafea94c4cd2bcf9412b71,123563,1536,100,RGB,8,2,22870
pb_12_拓展_解答_01_(1)_solution.png,d526f0a95d722455ab8e7ccd99cedc642b83f50fb541bb8db414a2a699b52e5d,366924,1536,288,RGB,8,2,20466
pb_12_拓展_解答_01_(2)_question.png,94f442628012e70b39b6965d853649dc50cb02f904a076ba5b2bb2b11cda491f,131311,1536,145,RGB,8,2,22966
pb_12_拓展_解答_01_(2)_solution.png,f4fbe98609533251ed1b2af8f7b98a45d9f199eaba2ce33eab550183f2dfe61a,1088666,1536,951,RGB,8,2,46337
