file,sha256,bytes,width,height,mode
pb_05_基础_填空_01_question.png,18f46907a15831d121c3ad7184dea03bcf11559406fe5f813a585d7b06232ff6,27838,1536,110,RGB
pb_05_基础_填空_01_solution.png,e7bbe4a5f76562e0696303b172e14a61237c5b3f51353264b022119437486a78,350687,1536,300,RGB
pb_05_基础_填空_02_question.png,ec786fed16f4c7a49756700e3999c79bb7a45927c74ce6609b3cd10748a29dbf,24404,1536,92,RGB
pb_05_基础_填空_02_solution.png,b403836d140d1c2bbd1f3b808abb27e05e2dab64d349a3b2e4a4308ac3d52140,130148,1536,138,RGB
pb_05_基础_填空_03_question.png,e2cabefbd8db193b3b2cce8e4eb602e6a2c7614276f5b396b9d86c32e4c80f4d,25496,1536,57,RGB
pb_05_基础_填空_03_solution.png,e0da54234dececc4ba0c0aa28840d3a6d9da06b4f6121c358873c446f6ba647e,299345,1536,301,RGB
pb_05_基础_填空_04_question.png,dd58cca985d6f9bc986faf33f4ae0c4d4a7d21e8297e3d4da6558ca26eccd34d,68530,1536,102,RGB
pb_05_基础_填空_04_solution.png,7c13dac466a408d16a43b516750ed8fc603d205b775f61057570641c360db6f3,226217,1536,197,RGB
pb_05_基础_填空_05_question.png,7d6c621d6c770d8cfe7ad74be3a8001e4ad1bcb984d9899e7c8745e1f7d95633,49354,1536,90,RGB
pb_05_基础_填空_05_solution_1.png,1ebc85e693307ba5eea4d9e231ca6f52970b32d578ba3e655c01f0468ad63951,366107,1536,428,RGB
pb_05_基础_填空_05_solution_2.png,2d3cf4721d0c74e29ad038ab3f8d84df7030e1df356264f13d1d636c4133a72d,62564,1536,183,RGB
pb_05_基础_填空_06_question.png,e1e4aa186305a8d1c60efb961b4b795c785ab06a7810b0f34b3786955fb30b8d,37619,1536,79,RGB
pb_05_基础_填空_06_solution.png,ceca57a7034d29aa976a17903dd25d34464b6b439f85ab2de33b343f5b719acc,229469,1536,310,RGB
pb_05_基础_填空_07_question.png,3f1575fcdf700a6dfebb7935d751a31d271263ba17a65ff00a86a05fd69581f8,52388,1536,56,RGB
pb_05_基础_填空_07_solution.png,55de29af09ec72e932c86df0fe6a24932a0d2dde2dbadcc63195deb36a1974ee,201914,1536,461,RGB
pb_05_基础_填空_08_question.png,5c880958f41fce817b9d7f201257e256f0700a2ca26a46ac84b9d4d6d9231260,48184,1536,85,RGB
pb_05_基础_填空_08_solution.png,b34bef1adb74ff7057c1dd147c1a5c9abf7d3623bb7103c4938580e6fdb872c1,189097,1536,468,RGB
pb_05_基础_填空_09_question.png,e745fe2b1c86a296002dbf6b7c74394e3bb1ea57d99aa6101794b2e47bb0a564,53451,1536,85,RGB
pb_05_基础_填空_09_solution.png,d34bd2b71a6c2d6a35322ddb7b5bf4226cc949dcc886cc08fcf908305eeb3394,181988,1536,558,RGB
pb_05_基础_填空_10_question.png,f18a77d6c6142be408c4fc106ae288cbbc9202c6fd041aeded1da34d003b6e57,55027,1536,55,RGB
pb_05_基础_填空_10_solution.png,2c1439485822c7a8d5e77aea5d98319d41241f9625087d77c09fa32dd648fbd3,253783,1536,315,RGB
pb_05_基础_填空_11_question.png,14a59a8cc53a2a4606644d2c6177f9d2ac64a50af7db534ab8a66090ac7ea801,67853,1536,96,RGB
pb_05_基础_填空_11_solution.png,e48548a8387d23fe78d216d2d449ce0083480f09b9f86fb376eab447453c6f3e,441342,1536,502,RGB
pb_05_基础_填空_12_question.png,3ed70bd27889470f385a6d7f6951e862a05473bcf80f6ce930f05aebcfb57dba,54026,1536,87,RGB
pb_05_基础_填空_12_solution.png,4933601d5c0bfa212c549a0a41f77d4635f4459fd454e35ad6ec416f7987b936,336763,1536,314,RGB
pb_05_基础_填空_13_question.png,b2d67504d8b285a6bbd1207b2da26ce4e46130deb05700f9c842dddcfe7554be,48840,1536,75,RGB
pb_05_基础_填空_13_solution.png,251283eb548adb4e070d57bfa750a143f64033292160ba1633f21a4d49127c8b,384395,1536,516,RGB
pb_05_基础_填空_14_question.png,cbbb76f5ac6ab16152b807061f7a3796be3c2b39a35cea32030a28e47bd11928,85518,1536,95,RGB
pb_05_基础_填空_14_solution.png,0fac93432c4e3d4cc01e75f8ba382a7e117f57fef2ecc16c82821ce45d37956e,186709,1536,314,RGB
pb_05_基础_填空_15_question.png,be967e22667a9415fc5d2a4dbdce4b5ccf0e043ef973593cf1afafda1eeeaa94,47054,1536,47,RGB
pb_05_基础_填空_15_solution.png,56d686ff2fa53cf2be471ecc028bee01e43a95e3b23da61f548dff6ccb4b1d96,71580,1536,201,RGB
pb_05_基础_解答_01_question.png,c3f3b3744406605a61f012f4b099fab3a1ebd98b58b27ef7219962b162307a25,69344,1536,165,RGB
pb_05_基础_解答_01_solution.png,9dfcb3b6f938adc3cf51eb5d3075d67234603e820c2919432f68adfb37abd699,150578,1536,541,RGB
pb_05_基础_解答_02_question.png,52184815f54f65370720a3678be25a6a94b619602b4e32de4d10debe3935aaca,46444,1536,67,RGB
pb_05_基础_解答_02_solution.png,ce8fb74edf48ee76a297deb54cec3b97902de41bc8709b94f606b2ee3b56b1c7,332034,1536,489,RGB
pb_05_基础_解答_03_question.png,779a35f1ca8f8cd0f2afff0f7d5e954942d31b0b2374f35162c08803019deb00,28169,1536,47,RGB
pb_05_基础_解答_03_solution.png,8ff03176b8c698f16e386e28130e73b517ae7437635c877e5fa272f03d35315c,257414,1536,464,RGB
pb_05_基础_解答_04_question.png,b9acfc897cc304a4b42c1ccbe70a4168ff5156f713b06b801270929f5aa83dce,43121,1536,47,RGB
pb_05_基础_解答_04_solution_1.png,9e7938c58b4dfc9ea6454ebbbdac34b54be5c521e1e49766d1b56b0cd8b90f00,52703,1536,221,RGB
pb_05_基础_解答_04_solution_2.png,ce9cc2d89a7eb3f8af59984c6120821a5eaa0e1f42e07ea69caa7ac0954eb23c,509539,1536,482,RGB
pb_05_基础_解答_05_question.png,b0407952ff530d84d66ec71b564840008fb91050f6daf914d9cf855415ae9b9a,45805,1536,48,RGB
pb_05_基础_解答_05_solution.png,a922968bc298d24dd4053beb4b0b72e45a67cbf08459334c5eed1bfce95117b9,1933637,1536,1161,RGB
pb_05_基础_解答_06_question.png,14588e724ebc33b5a669d7ff81cf5a9e68f6cff7c4ed6eb485d3b59d639eb3b1,88002,1536,139,RGB
pb_05_基础_解答_06_solution_1.png,5328b0d634defd315e28b2d4f0dbd441e9979343d138bc407b430ddac8710d11,259989,1536,337,RGB
pb_05_基础_解答_06_solution_2.png,5c2955dc9cbe90d5ec88293965baf56e3c32ff46d215d62b8b81ca676de83426,1551765,1536,1097,RGB
pb_05_基础_解答_07_question.png,14cbdc181c88a181f9affcc36d77726f0be872371f1204dd710fa4252258fa10,101321,1536,129,RGB
pb_05_基础_解答_07_solution_1.png,68dd9955b553cf3bca5cf8e7df1121844db43d4f7f94e077e830a40c5b247d5c,547135,1536,883,RGB
pb_05_基础_解答_07_solution_2.png,5a2d67586fcb1c5c9d4dc6d5d115e210c981a765777317a0c7fe05d38ad36768,205128,1536,268,RGB
pb_05_基础_解答_08_question.png,093c7a6c6611dbe32fa10309012180f244e926de7a71fff49e63bfb815ced84f,110625,1536,221,RGB
pb_05_基础_解答_08_solution.png,287f943c49506fcc397e095eac8e37fdd8bc61ae485b51817e2954408c4a281b,761940,1536,932,RGB
pb_05_基础_解答_09_question.png,4f64ae8d221ab8b4d05b1f700b9db457ccab0fba46bf778b8ca697ec38ca13bf,83352,1536,173,RGB
pb_05_基础_解答_09_solution.png,fdec920ae9749813f1511ce5c5f7b064716ce8c349555b4fbaa910cb24689853,298979,1536,422,RGB
pb_05_基础_选择_01_question.png,12597b3b40bcf6c3b376fdcbcd20dc7d7d4cad47286641392f06110913df8929,138839,1536,150,RGB
pb_05_基础_选择_01_solution.png,07de2d88e7e5a1fc6288dacef16175cf015b43c29020d2c4d6a3b602047b0aa0,316671,1536,249,RGB
pb_05_基础_选择_02_question.png,cb0034301ed98f9b2b442949620b8b502c6bb05a4dc77f49565816deb2735434,129138,1536,206,RGB
pb_05_基础_选择_02_solution.png,903e2a88b765e56a296c19022f0c18c4e25b73f8c4fc6d0d000767698e7ca77f,795337,1536,560,RGB
pb_05_基础_选择_03_question.png,43dbac51854b63ba63c1bb95bab07d368fa476816872f10d69c93bd6ad410b63,167298,1536,233,RGB
pb_05_基础_选择_03_solution.png,af7d80354650d3365671df83f4e02a68a7fcb389a5f0510759050cd755202667,645577,1536,508,RGB
pb_05_基础_选择_04_question.png,df0ec60d16578ec130b6d4c8e65772d67e73c9d6235f82811a8be2484b55eb68,130610,1536,221,RGB
pb_05_基础_选择_04_solution_1.png,10b10bf6bb2b771909b99b8483ac03167bcf727300f3fd28583ebafdfc997a39,322034,1536,307,RGB
pb_05_基础_选择_04_solution_2.png,67c6cf763266b502682daefda95364e62b6c058bcfec455c3d8c6c3e319897d6,279709,1536,420,RGB
pb_05_基础_选择_05_question.png,267e0ec3a8aaba4099698dddd48961e36427956b1f43e6f1c5d15d5dc5faefe8,103484,1536,189,RGB
pb_05_基础_选择_05_solution.png,0e74a220339c2c610a0f09b7963a1095949f8d61ff7d3a5417c68d65f2de41c7,384215,1536,424,RGB
pb_05_基础_选择_06_question.png,2dba9f25220811afe903636f5fb6f7bd8ff4ab6077a094e6d605f5603d923f47,185207,1536,236,RGB
pb_05_基础_选择_06_solution.png,cdd9c50e7c69416e5332e2b71f0a8c5628d291d2024c2cdb7ecd531fba3b641b,195168,1536,272,RGB
pb_05_基础_选择_07_question.png,8e2f5891a061da5040c78a4cc9b777d171664f1375d20b81fd9c895ae19491c8,149258,1536,145,RGB
pb_05_基础_选择_07_solution.png,f5407434b04772f2a5164104c49dca40baafab2904c7a5c5ce92e6ad00d22025,80402,1536,146,RGB
pb_05_基础_选择_08_question.png,de507c4340412a218a986a31cb1c5983f10d2120a65aff58a4b4ee66a0545204,117839,1536,233,RGB
pb_05_基础_选择_08_solution.png,a744ebbc5a6590a5c7697619e9c7fda0741536d7384cd2544061772954477ab9,141126,1536,327,RGB
pb_05_基础_选择_09_question.png,49dc9839ef7a416d1e850ae15f280b5cb1d92c38e991e495043376fcf69b1c52,186698,1536,343,RGB
pb_05_基础_选择_09_solution_1.png,0b7e8fa7107f2b8b345ee83088afc31521c942c0f5cdf8ff7a8586ddd6854621,176141,1536,391,RGB
pb_05_基础_选择_09_solution_2.png,c064bd3cd579c4da144ff52855e6212088319f4adf29fe76b42dacd659c02daa,87104,1536,74,RGB
pb_05_基础_选择_10_question.png,ff04a0d88a4713959ee16514ffd2cceb7bfd23558b0c7871747e2dcb1876e42f,145579,1536,176,RGB
pb_05_基础_选择_10_solution.png,93fe7f7630a9322a4cf8a449d64b928780183965e19e25ec46248df5bfa5ff1c,662404,1536,506,RGB
pb_05_拓展_选择_01_question.png,1c94586d0e48705ac88595e207e8b1647aa2722da3db74ea19af1264d8d3580c,181525,1536,345,RGB
pb_05_拓展_选择_01_solution.png,04b7249739c3c01fc8751ff14bf2d33ab9085dc8af2f953dfa2136c7bb9cec0d,1387074,1536,1038,RGB
pb_05_综合_填空_01_question.png,ff2d40100420246aaa65d9a23ba389958191a3125c15b11909d1b43b34c0cb92,69988,1536,134,RGB
pb_05_综合_填空_01_solution.png,79b3febe7267440b1dc61f81fddd9a57f7c20bd00aea2c498036e9c88237793f,220288,1536,425,RGB
pb_05_综合_填空_02_question.png,2991d2168bfbf747bccee5dec12895184f93bae0d5a84c9e7b17afb13cc7f49e,28108,1536,84,RGB
pb_05_综合_填空_02_solution.png,3cb6e2346446ad878f97a81629553cb1b2ff5c1499e7d9d850ac51eeea1414f9,184614,1536,462,RGB
pb_05_综合_填空_03_question.png,814011409d98731f5730cb2a311d2fe682cb28672b562d6143b8282ba0f67fea,85352,1536,176,RGB
pb_05_综合_填空_03_solution.png,535763b284c6574329e25385eeb5f60dbd1fb6805e0208dd9764281e2ce90ed0,325474,1536,425,RGB
pb_05_综合_填空_04_question.png,aea3703ef9593e99bdf7873a6d4b43bfbe39a4b1bf8224cea08d7dd8181f5d5f,43975,1536,84,RGB
pb_05_综合_填空_04_solution.png,f0683cfdc213a4f22d5870bdf9122cc70070a648a0aa7d84ee959e13b3bcb11a,443754,1536,567,RGB
pb_05_综合_填空_05_question.png,9b9878b577e6b675010b200cd386cb6c2ee525608de44241f05d5183b142a93a,56146,1536,45,RGB
pb_05_综合_填空_05_solution.png,cb1b49d0601d18ed9d47fc4eebe014fa32abea62dd93cdab121c1b762c1afb3b,483548,1536,461,RGB
pb_05_综合_填空_06_question.png,11b4cbba1412739daf7ae25474fe44ae53ad4e6237c495c85751e0453767b7b8,98720,1536,92,RGB
pb_05_综合_填空_06_solution.png,2170fc4c6e06d5aaa145f3ca37794d650a516d7fe7a57a86685736b542584b3e,415635,1536,503,RGB
pb_05_综合_填空_07_question.png,17114308ad1d5afacae00ed34480008e25a52d232b2b881925dc99732b342ee8,64654,1536,144,RGB
pb_05_综合_填空_07_solution.png,aaff81debaadced0d8fd1d504218fc0031b207d7d19e0d0846d9d780bf19dcd4,120031,1536,350,RGB
pb_05_综合_解答_01_question.png,8eef27e6b7f093505620d5cdf9e1fce33a4945d7c9187f7dc196f4c4554c3559,81128,1536,84,RGB
pb_05_综合_解答_01_solution.png,eca01eb0fb13d5bdc5949ab2dd4210f660c456268fb8145f2a317df80fb68550,238696,1536,695,RGB
pb_05_综合_解答_02_question.png,bda9cfe151fddd4927e9b66b45a6dca638542c6ed50752414ca7f6ee06c2a695,54068,1536,52,RGB
pb_05_综合_解答_02_solution.png,928991be84f5d54ca883d176e90e612f35aa8198f1d65924ea80d83bc963499e,217927,1536,358,RGB
pb_05_综合_解答_03_question.png,88cf21226f99e0f16ed421eb54aac4e9520021d4d373c40473647365fd0bbc7e,100391,1536,133,RGB
pb_05_综合_解答_03_solution_1.png,c34051b4489ae0bb4a8cf975a95daa4ed6ef376354465a20e1e3a7780340e306,544851,1536,518,RGB
pb_05_综合_解答_03_solution_2.png,f1c91b1de9deabceb9969f7c18caafb4482e5e2b50da558f5402ee0a95f3e485,778497,1536,824,RGB
pb_05_综合_解答_04_question.png,bee8eb884a4d908bcd0ee845a2054246e488de3c238079c4d1bb1cc96608f0b0,97065,1536,132,RGB
pb_05_综合_解答_04_solution.png,de73c2ad8bd06aca01f58bcd5cc3560f03aa7097a494e67e75b4c94a3d8fd508,1267958,1536,1156,RGB
pb_05_综合_解答_05_question.png,3a86c98de454914955be50a6ed7548ada15d120291b5783a401979736aef858f,58193,1536,49,RGB
pb_05_综合_解答_05_solution.png,c331f52f61cee4835cc0456aaf5e69e91da6769ba637648a95c157c100986cbc,254211,1536,632,RGB
pb_05_综合_解答_06_question.png,0fda425dc7982914bf70130d146a789dfb9c2695c2c0a8c7c4fe085c5bf63093,85397,1536,101,RGB
pb_05_综合_解答_06_solution.png,58db93cb7a49ab6ddc0cc0a1ea2143278ff9d45eb106e61cd27268f7c4ba2a90,286822,1536,678,RGB
pb_05_综合_解答_07_question.png,919665b6f6527aa6ccd5d79075d17f954f56b4adfd220c30c596dc6a93854024,54308,1536,76,RGB
pb_05_综合_解答_07_solution_1.png,706bd168bfd3af1c4245083d3852e2fee29a1b3883198ff982136f66ce4a8933,226757,1536,661,RGB
pb_05_综合_解答_07_solution_2.png,5daf8a1c9281552472249a19ec403de33820dd99f4bf1a829d1f29b93c82adef,162593,1536,186,RGB
pb_05_综合_解答_08_question.png,fb4ce419788e765870719dcdd25fd8f368c102a05419aeb49360c1b9d47aa1e9,66476,1536,62,RGB
pb_05_综合_解答_08_solution.png,9c520e9b5654187a466f0909aabfe20651b3c5adcd9f1c09c893001fa36ddc98,876902,1536,982,RGB
pb_05_综合_解答_09_(1)_question.png,a4541eb707785680714a8b1abf31d45f6adc7972d761a777be6fd9c95b654909,126799,1536,198,RGB
pb_05_综合_解答_09_(1)_solution.png,63b3d91bf09a72d093ba7b58c51289a0bfc7b345548461cacd5d5b57099f570b,319802,1536,403,RGB
pb_05_综合_解答_09_(2)_question.png,528d8a0c0bf899e07a2da77a5f90396690f8e0e039eddd9825ea90ec8a3c2f81,152228,1536,186,RGB
pb_05_综合_解答_09_(2)_solution_1.png,db2d0d8cedc7066eb4cb70df399ceabccc43128ef0840f62b1446053a5543195,247866,1536,409,RGB
pb_05_综合_解答_09_(2)_solution_2.png,dae43abbdcbdd3894543b91b563bdfda9c65d49cc93a06695d5de3f567803985,120998,1536,310,RGB
pb_05_综合_解答_10_(1)_question.png,17ec37dc014a6491bdb4cedab4781637ccf1859e84c65e7768e583a37a5cdb01,103274,1536,152,RGB
pb_05_综合_解答_10_(1)_solution.png,0e2df74e0f08e471863263b083481aa77f07f945d2aa59145d072bfcad51c5f7,159533,1536,263,RGB
pb_05_综合_解答_10_(2)_question.png,fe5a57e33cfc75a342fe10a66c977e9337dbe2267d34080292122e26125421bf,132947,1536,148,RGB
pb_05_综合_解答_10_(2)_solution.png,b339ab1e708da50236cd9b1be5acd1e6a653d9c2499f2a3bacc955253c40ceab,345046,1536,495,RGB
pb_05_综合_解答_11_(1)_question.png,108cf7827f36c6dd77c41f90d53dffa972de23c92cf6058067944e35708ac6e7,130125,1536,174,RGB
pb_05_综合_解答_11_(1)_solution.png,7098db36176b8b4a30ffd122af7279c84ecf71c446a9ef2251b842c5e601ad00,342727,1536,522,RGB
pb_05_综合_解答_11_(2)_question.png,fda5db4c195a338f5234b69b2115f34b325dc72db7091f77b8502b5bdbcc4731,147517,1536,178,RGB
pb_05_综合_解答_11_(2)_solution.png,101ab0cad05846f2ad728a278c0564c98e19c615be1ef18756754367c9865b39,105114,1536,179,RGB
pb_05_综合_解答_12_(1)_question.png,ab202340de9dd62d8cc63a72963c0332eddd148bc39099a8b9cc6cdc544402c0,87516,1536,104,RGB
pb_05_综合_解答_12_(1)_solution_1.png,e3fd706da1194c04a3c6ce7f2178a4417d79f20163da7e692d2eeae231eae8c8,82866,1536,211,RGB
pb_05_综合_解答_12_(1)_solution_2.png,4ff0c2665c9184b22052e8977d13fdc75f231fef161c752133c99860e46bbb1b,234382,1536,178,RGB
pb_05_综合_解答_12_(2)_question.png,5e57163c0fcac9c411e3b11a50eff224304c52575b679408f9d2385de1d5b922,120018,1536,102,RGB
pb_05_综合_解答_12_(2)_solution.png,429e257355dd6c2c95f4f99d568ca001a207193f94e4b90a3caae86121f4d5e2,1024084,1536,755,RGB
pb_05_综合_解答_13_question.png,b1d47f8f088bfbe078daa060df55e73c6b67a469c677da9849be3f7f71b74d51,123613,1536,138,RGB
pb_05_综合_解答_13_solution.png,5583cd2f132888ac0d1809715e65f47cedddcfd72055f54d6b075a6a7b2ea337,967511,1536,741,RGB
pb_05_综合_解答_14_(1)_question.png,90b37001e55da512c598aadc78ff25b650308d61f3042894c638edd69ca5d98f,105521,1536,158,RGB
pb_05_综合_解答_14_(1)_solution.png,1b5edc319e29d1bbd2d911b75398b624166783fe3e903d21f16fe0bb431dcd23,305638,1536,306,RGB
pb_05_综合_解答_14_(2)_question.png,f665538661caebed5cb316cca022c4b180bfede392c52a2e324d74a4dc54869a,99913,1536,158,RGB
pb_05_综合_解答_14_(2)_solution.png,32e3df9c38ca5c324e7940e06e17530702db5f333e0dde19401765f7cf9a4493,328265,1536,708,RGB
pb_05_综合_解答_15_question.png,2dd5b6b2bec34e626a528d4df4c96241c2eeee3973c12feaf247d7f5bbe3d940,87124,1536,137,RGB
pb_05_综合_解答_15_solution.png,635ce8f6e8b5bf53be610f336718fd33cf6170450193409569eea5bb9f114097,183156,1536,259,RGB
pb_05_综合_解答_16_(1)_question.png,28de6bad6e0249e4d84143656347726308d8104d4558964c785e2e90692d7213,112450,1536,275,RGB
pb_05_综合_解答_16_(1)_solution.png,b8e8461d14a3973cdc02162dc3f0e090dcc05e56509fb55b5ac87d0b6d3cb867,338529,1536,587,RGB
pb_05_综合_解答_16_(2)_question.png,5494d08866a587ca334a2d5ad287b9c07eae7d9ce19b9134269bf3e9576711c4,159807,1536,356,RGB
pb_05_综合_解答_16_(2)_solution_1.png,270463a3c42078b568406014c995ddbfe24d28c35e2c7d1e561ae38a5c6e03ea,130035,1536,426,RGB
pb_05_综合_解答_16_(2)_solution_2.png,26d5630169d2f6769cb836aa7225196293ec691bdf83bf5d71eaac8b77bf63a7,396626,1536,327,RGB
pb_05_综合_选择_01_question.png,9cb2198536ccbce9c60c4a941d74aa18ae681c22593f5256c46435d9b7987d65,210327,1536,240,RGB
pb_05_综合_选择_01_solution.png,3d15cc46bf05d27f8d436d43a0b869efc91c13561a6554826fecb98bd83e775b,102434,1536,114,RGB
pb_05_综合_选择_02_question.png,4ae768bf6e1f8a01c5a6d8a061c6b1cb32ec4f74c4f81025f99329ac05c16c73,163645,1536,187,RGB
pb_05_综合_选择_02_solution_1.png,ef983166334f8bf124ce59cf945325195f065f0695c793dbebb345ca03b58136,87367,1536,198,RGB
pb_05_综合_选择_02_solution_2.png,3e6438a939a9410e0578183f5feddea2606b424b7299379399df98bfce0ba3aa,101682,1536,184,RGB
pb_05_综合_选择_03_question.png,2efb1aaff516c803c59f8655d654e4a9d324a1ddc72695994f0df9a87de0d962,152140,1536,224,RGB
pb_05_综合_选择_03_solution.png,2e5e5096171f2c4e239955445915769496f5672f8222249356ca17b2d2cf08f7,83463,1536,115,RGB
pb_05_综合_选择_04_question.png,dbf089ed9d519c6d910de643497c0b88908173952be84a425073ea853f95c69d,142018,1536,228,RGB
pb_05_综合_选择_04_solution.png,4dae2c2d1e495845998365e57edb2c8b3bd0a64d0a4587358c717b03ae81900e,264717,1536,708,RGB
pb_05_综合_选择_05_question.png,510b3d5db6b89a7ae754403bc362de6e57e642f4162562a7db1d9fbde3f5dc85,144856,1536,285,RGB
pb_05_综合_选择_05_solution.png,1e815dea741cdeb833c7fe53f5e799f4d80db8566e1d4187bcb162c66124ed11,230257,1536,603,RGB
pb_05_综合_选择_06_question.png,8fe7040daa42d33604ccf979d03bb5eddf4e975324b0f17c47937a0522483a70,95761,1536,218,RGB
pb_05_综合_选择_06_solution_1.png,45f10e1f2edb5fac781441a1975021802be437a48711d1f83428b57793b0b58a,106112,1536,370,RGB
pb_05_综合_选择_06_solution_2.png,8f9cada28fd50d6bbeae2ad655519f9edaeb5ae553c91e1ddf3f33a01930bc9a,641330,1536,676,RGB
pb_05_综合_选择_07_question.png,1c282779fba32770d762e2b5bab213653a082df6981eab57735a2b620dc760d7,186694,1536,297,RGB
pb_05_综合_选择_07_solution.png,063d5b0a144062a54dba3af8f0d731d386da651e1e38c6412ff73cadcd36ddfc,1576801,1536,1304,RGB
pb_05_综合_选择_08_question.png,fb16ea7e90ea4e3e1b51457f1b4274cc1e108715a4e56d923889e2228d3189b2,134780,1536,223,RGB
pb_05_综合_选择_08_solution.png,92cd895128b64a1a57cb1435634c1ec3cecfcf9c7ee62e760f0c30d2f0c97608,111219,1536,229,RGB
pb_05_综合_选择_09_question.png,537dc6d27a42d53c567af095f8340843bcc183b52908ef5742d49022b9d56300,180956,1536,191,RGB
pb_05_综合_选择_09_solution.png,05a5cd6ae3ef3ecf21bcbe5b3606ee31f84ad88be6f2259883a902393f149100,194349,1536,367,RGB
pb_05_综合_选择_10_question.png,18e3f875f27bde37000845dd595d6287d28f99132877a42b92c55b7e3ba61b74,88817,1536,128,RGB
pb_05_综合_选择_10_solution.png,5a4bfc7b0ebc412965d5774d0a426c09aaa30c1efb1ae99a3e7ea9d7300af47d,150514,1536,440,RGB
