file,bytes,sha256
pb_11_基础_选择_01_question.png,149891,96c89b12c053cc616f9d621a69dbfcc47e86034275eebc5a753de1c07b69e8c8
pb_11_基础_选择_01_solution.png,170870,cf5e1fdace6b25a5ebb8eac4910557a32690d5c946b0838285eeb93fd687fd5c
pb_11_基础_选择_02_question.png,176306,d0f7fe00998a3aee1f25db9fb3981a7bc395869d111bc1eee4c28e375ae40860
pb_11_基础_选择_02_solution.png,896077,e3d6a81cc5ec803a9572fff0d1272e42eb5f5974cdd863d7b5cb356665ce9cc4
pb_11_基础_选择_03_question.png,103537,9add5cc85fc81c5206d11008dc3aea14478c685b579470732271bd76e7e955ec
pb_11_基础_选择_03_solution.png,154642,43a9a6019c30a45025165f2ae0728f63ef0d4b59c02854bea24e4f646e89d8ca
pb_11_基础_选择_04_question.png,143045,17ab8db671a29877e848bcf645bc85d65c036fda6fce796258ea674a37dcadcd
pb_11_基础_选择_04_solution.png,458937,e0df777b3c30763f03dd023d581518e1e4b37ad24f9a7bd247296586711a7d8e
pb_11_基础_选择_05_question.png,128797,6ad25d258739d0f615a7f821d7e265c40e8422dcb9dc4c4c14236f6675e2dc7c
pb_11_基础_选择_05_solution.png,668605,be79b21ed957a698b46d075b3f35b0b8de4316b01f7da619417c84fd77273500
pb_11_基础_选择_06_question.png,214645,28479e42dd0ca3d70abafc7855cf9697f719c28b9e6cd20538ee06251e4b4024
pb_11_基础_选择_06_solution_1.png,538530,6d1b1c8496480682eb2f5632dc4a22da7f36147253b788fda0922170f5280f02
pb_11_基础_选择_06_solution_2.png,808831,51c34b6b7889550cc0bed6f802adc805533a3610ae5b91638239b5e365b1cda1
pb_11_基础_填空_01_question.png,51043,bcefc1b70f32961d3552251f0049883a966f1ffe7c409030d05d60d3a448a54f
pb_11_基础_填空_01_solution.png,125199,2cf534ea4a1b64c5929dc57f3503fa4bd5d4fafb9e0ba524a95d177158c5d671
pb_11_基础_填空_02_question.png,103267,137a5ad741db17be9cacb576d7190481a778eb79347987c877e6230694f01f3f
pb_11_基础_填空_02_solution.png,208728,e37cee26a1a508501b602e20c46df2ba03e31b661a67ab465c613fc63b547f28
pb_11_基础_填空_03_question.png,82394,8c291e84dea894540de4df821175428240cf5e4c95b64befa865d28f93943c80
pb_11_基础_填空_03_solution.png,203925,a53156eeca4432a50e2b723fb32f7c78bb19f5f4b8077c41603507c19507255f
pb_11_基础_填空_04_question.png,75096,25caef9c452a6d949d992c075e1c3afbe07e191d35b71de4489affea84879ab6
pb_11_基础_填空_04_solution.png,654355,fd71ee8ddfde429ce030255cd2c45095754f214b7b40fc99498e4e4d64eb0a6e
pb_11_基础_填空_05_question.png,100281,be75772cdceb4534c48e57a18fe8725635738bfb9c3c8ca74a8700d0df217200
pb_11_基础_填空_05_solution.png,517353,494cc12822f2c08f25eddea11e2eca00a6117c40a3e15907f4b294110fb6f14f
pb_11_基础_填空_06_question.png,96009,898a1e92d0cc0f1c465beb284c24f5c6c13cdf3165c789e7671d2e5999c01b29
pb_11_基础_填空_06_solution.png,214311,fb3b331f9f3600f7d15edd612882530b046cae4603de8464fb66ca6a52f276a9
pb_11_基础_填空_07_question.png,54802,3b04fbaaf9f42bf2a940c49fd8499de6794d588f06f3fe2b0c157204b5401587
pb_11_基础_填空_07_solution.png,487934,879c40ef719a9a049ff2060653bd08f7630f98e82de12a699ebc5e8583c4536e
pb_11_基础_填空_08_question.png,50746,a2cbc58692378460c81251afcb60a60972cc07473207ba45313c87e593e32a33
pb_11_基础_填空_08_solution.png,407418,79115ae63283c486233fb14411af850b606bfa834a962e4938bece1c42627fd3
pb_11_基础_填空_09_question.png,52265,12a66bf0357f8a9208c08689f8a121ffd083a22be2d98871a4c8636a915816a5
pb_11_基础_填空_09_solution.png,404587,16d86a1d86441a777dd402347fe3215a6984aa3aa16a31a0f41bf80a0d051b0c
pb_11_基础_填空_10_question.png,71206,04cb1c44a426ef51993fa18a92cc554002e41e5687b181e002fbf4596a0df6aa
pb_11_基础_填空_10_solution_1.png,79820,fb0871bda6ebfdb9b3c7ff2dcae97eaed713bfaeaaf03b59c4aeb4afeb6576b3
pb_11_基础_填空_10_solution_2.png,104496,f85194921607c2a61ec66c59a15fd522cd1700f602b93eb8dc217668e6da17a8
pb_11_基础_填空_11_question.png,101946,3ad81db08bf290ec0997dd69d9f15d2151020af29a67c78713d3c20d21032f8b
pb_11_基础_填空_11_solution.png,236564,16b36814c725824ba1ae7689a1b572c9a528d4644a5f1f873645d3f953339cf6
pb_11_基础_解答_01_question.png,107787,e0c1ce80f187ec44b18078df358b9e9a8587d53429a3542055bc5a6ddb8ba5b8
pb_11_基础_解答_01_solution.png,706165,e3b39f82e2a5dbb9417dadc87852f88b790c7e4dbdb87b428751c1f4946d5a9a
pb_11_基础_解答_02_question.png,93839,638f2b85c97604c4b0ebd4835168576abd97219e4e47ea4f990b774f134ce2cb
pb_11_基础_解答_02_solution.png,631104,86783edd9c405dfe74f53458432015f23e8ee75bb473cb758357c4b6c8476332
pb_11_基础_解答_03_question.png,60511,7e013bdf99aee6f772b10b9cf594d921f9bd7c59326c9aee31f8a00a6e123463
pb_11_基础_解答_03_solution.png,518687,b851c19550bde077d3bee28993629fd5eac3a813053633c171e68d235a7e6488
pb_11_基础_解答_04_question.png,89053,eba7118ac035cd2f72c5785deb28cd57afd3e9a4f0c57836cb4f4634402936d6
pb_11_基础_解答_04_solution.png,392198,b8973cc3118cd0061248fd81e19e8baa6e98de174090a3dd01e14244d958cbfc
pb_11_基础_解答_05_question.png,79221,2da03886590f417bb7dd57df75f1b3c5cf5d24f63ec1c25611aba677467e0ee7
pb_11_基础_解答_05_solution.png,568883,2f52c484e2348f81c7fbbce3806ec74b42e65abfd86cce7cdced00d824131ada
pb_11_基础_解答_06_question.png,99651,f29b939f47dbf6edf4e0ef4056f36b5498bba2f5d48a0d99aa27139cfbc5f5c5
pb_11_基础_解答_06_solution.png,215924,ffd8a0bbe116b691e0c872abcf9adda9d955a896d081bd3b2f33dde153dd1716
pb_11_基础_解答_07_question.png,39507,3ba919ee2bec8d84bd463c2e4616f0f0a447266ad3b6400c1ceb314d406905fd
pb_11_基础_解答_07_solution.png,239624,207b102d41392a70cef387016b0245d3856e1bb7c6001db70990bc1d25fab878
pb_11_基础_解答_08_question.png,82692,655de0c06305eeecdad9db3a906e1296b4b35878907e1f204cef52ac504ba682
pb_11_基础_解答_08_solution_1.png,92800,23e21bafbf5d723551345280653de9341623f84e5a7f2a31b6d85d2d415a3a16
pb_11_基础_解答_08_solution_2.png,597382,8f3c1bdb4cbf3df7eabd3c9836a51571bfefd35ec89ed2c185998040aeb67127
pb_11_基础_解答_09_question.png,110703,9b8e17fc8b3d1960e912e97fef0f98154f38a43cc9c3b2ec84e582c46c3294cf
pb_11_基础_解答_09_solution.png,753343,49cd4dca9dabf676455a0e206b622ca3b8c170bcdcfe774b2bf1469a64835546
pb_11_基础_解答_10_question.png,109854,62c7616c985af65a1b7590b1924a9e713ef828f0f40d190fba5724bb87fa0b2f
pb_11_基础_解答_10_solution.png,208919,0d9935898a73b36a99a4eb11ec220847960e42899148272f8c2364020d20eb1f
pb_11_基础_解答_11_question.png,58870,9a4f3ced76b704a78f4f2b46546a920b042418f3bf068358691c6b94eec6c05c
pb_11_基础_解答_11_solution.png,221682,d1d402182d2fe62b87134d99785483f194b900cff326fa57c362ffb5bd2bbdec
pb_11_综合_选择_01_question.png,163458,8cbd153cdb256569186eeb4f3865cbcb97e28ce05c5a59b1bb1a9a35c0289a36
pb_11_综合_选择_01_solution.png,288616,75c302ab833a3b35f46c0606b351dd29b939863e72e49ded6f2ebca80e3a9f17
pb_11_综合_选择_02_question.png,132633,10d27ec7f19aed652be0cd1d62eebaad988f9d2372d8d546e1dd848b581a15f8
pb_11_综合_选择_02_solution.png,786453,bf72d4bf0d8e548a5a056b8806b8e154833f5c66af013ff26e9fcd92ba04d9aa
pb_11_综合_选择_03_question.png,144512,f774c139b93f426fea0418df1ebe39ec17ecbe4b2922aa953942375e5acf44d8
pb_11_综合_选择_03_solution.png,234507,ba735c4c9762ca8b8dc2b4bd701a0b73793aa97157636bc2d0d085e05d1f6462
pb_11_综合_选择_04_question.png,186662,8fd7b0005c4b9a98b4e485a2f4e3276c9a9463f5cb575cd49e94d5122552b0d9
pb_11_综合_选择_04_solution.png,796476,9c2d0d718575883fe4624eb6f1fa23650986ad4a8d81b3fdcd087c99ac941a2a
pb_11_综合_选择_05_question.png,187594,af2b2e2ef2ce9a7fc391725dff748a46166f4559b0735de63368ac2d92ac6fba
pb_11_综合_选择_05_solution_1.png,729744,eec008fb27d0c25c096b21fe8622a80f30fc1a38ee6ae978490a61114f49bd0e
pb_11_综合_选择_05_solution_2.png,107930,d7bdea8197a38f943f0ee7ad4f9a40abe5b2d46b20b3fc3129372ad2816855f0
pb_11_综合_选择_06_question.png,259783,4caef03e21e6e294d3f631e4b3f284140edd6f3909d02c817228bdb2fca58e82
pb_11_综合_选择_06_solution.png,427641,dc716cf16c8741463f553eb516fd5c0177306cd0e8a71364966e07653dedfdd5
pb_11_综合_选择_07_question.png,282556,06f34cc8efa2343f6fe13495752778cc28394456227ec4aab84adae935304539
pb_11_综合_选择_07_solution.png,418874,3b777c466672d9dc5e2fdb6c9f3839e4d4f640dcb350f70dcd27735b8ae65eba
pb_11_综合_填空_01_question.png,160367,fda3cfe4a01ed1605bfc44c2dbf6eba830a358229ad885ecbffb06f2465386d9
pb_11_综合_填空_01_solution.png,461532,81fd842eb1e0d001d493567aeb324b71dc0a8a85b11ff2a5471065f39c43af94
pb_11_综合_填空_02_question.png,114311,ac7e5c668b7b5254031f229e27d484f9ee035e4e63c4e21dedc2d7f9771112ec
pb_11_综合_填空_02_solution_1.png,73297,14d4571ade30a6a119b23c090a2a3a8990727e9040a9a035496e31be3b789494
pb_11_综合_填空_02_solution_2.png,1547135,4151fab8d7cbbbf641544f6cb7ac8bd2a471bd760f9503a47f6a19b7711b8d4d
pb_11_综合_填空_03_question.png,141822,3c5e7fd84d2903322196b9171b1f53837e1b3253f806c29a6a6dfe457091d9f0
pb_11_综合_填空_03_solution.png,651358,f585a831d6bb794877d11e711095a98fa779002a21e4b1795f4222d68a1ac837
pb_11_综合_填空_04_question.png,141585,401b5c4226616c7b8422086bbf6429318b0a4a687b846f75f007ce07f5ea3f54
pb_11_综合_填空_04_solution_1.png,198923,7a639a8b4139a9c3f70521f943ed1a2ceb501f2eaef10a82d3403128c7640493
pb_11_综合_填空_04_solution_2.png,552435,ded0f0c14fe29e443e73b13098d6e13e02c611b283ce3c35a2d356366826cf75
pb_11_综合_填空_05_question.png,88446,f56ae9cd5ed947d3e4ea21de777b956eeddb356210ac1df3baab6f94ddcbd84f
pb_11_综合_填空_05_solution.png,163977,1d73c9934878b619f7952494ea7d4a21c7bfe724f18a1ac09f3b79636ccd4ec5
pb_11_综合_填空_06_question.png,75524,675929db7c95564ce65382bd93f0d90ea0dc6b721cc9dcb5e8231f2fffd67230
pb_11_综合_填空_06_solution.png,336310,69683a336317f0770e7749f192a7fab4c9bf363276380566ef655cdeb07bdc4c
pb_11_综合_解答_01_question.png,133917,9e0b0ea377c17bb07ce08793b2faa818f3d715f6fb7c345906f392dcf3d964de
pb_11_综合_解答_01_solution.png,302824,06021b67cc6523f9905f8966eab09485a2a83c65660cc884aa3c7bf657e12c77
pb_11_综合_解答_02_question.png,159773,62ad94e7a6325a5d5c92e6f19b2134ff91db719bcd85f3e266da7ffc4279ba80
pb_11_综合_解答_02_solution.png,676760,6bb9f1143da1dd355e36fb028c3a0d16b476ff715b3b43ef727c7c5f30c7ce69
pb_11_综合_解答_03_question.png,118651,1c306661466f3f05459c65084823e259f01d42307f81f99daf834cb54f9a3d8d
pb_11_综合_解答_03_solution.png,2145965,1952f23920ab69182b1a4c7fe12075b75b9401471283f0aefd96a9e7cce0f516
pb_11_综合_解答_04_question.png,124344,f23524a5bb7e480a193eccc182b21fe6508f960cfba664a82f4de532b39160d0
pb_11_综合_解答_04_solution.png,313087,79e3e250227262ac3aa1e09f754854fa6681328a67263caf4a6b9e06f921f4dc
pb_11_拓展_解答_01_question.png,152017,a69b810f65faabe0b9a88de5e509fb2934c6210627f512d41a90e73a26d7eeb1
pb_11_拓展_解答_01_solution.png,303273,d9535e6063ffb520cfd83e1d7f6b595cd4e9df059fbd2fedb0c234316184c6e9
pb_11_拓展_解答_02_question.png,106417,5ed8bb1bbdafdc92f59fac7cd3a251243b313fd40e64c670a6d083bc626d25b8
pb_11_拓展_解答_02_solution.png,478451,dcb3581c39be63c979d4eb4b5e082c44649b27c9fb6b78c65d038da978a23511
